Handle,Title,Body (HTML),Vendor,Type,Tags,Published,Option1 Name,Option1 Value,Variant SKU,Variant Grams,Variant Inventory Tracker,Variant Inventory Qty,Variant Price,Image Src
koka-kola-250-ml,Кока кола,Богат избор от студени и топли напитки,Делиорман,Безалкохолни и Топли Напитки,"Безалкохолни и Топли Напитки, soft-drinks-beverages",TRUE,Размер,250 ml,KOKA_KOLA_250_ML,0,,0,2.60,
koka-kola-ziro-250-ml,Кока Кола Зиро,Богат избор от студени и топли напитки,Делиорман,Безалкохолни и Топли Напитки,"Безалкохолни и Топли Напитки, soft-drinks-beverages",TRUE,Размер,250 ml,KOKA_KOLA_ZIRO_250_ML,0,,0,2.60,
fanta-portokal-250-ml,Фанта портокал,Богат избор от студени и топли напитки,Делиорман,Безалкохолни и Топли Напитки,"Безалкохолни и Топли Напитки, soft-drinks-beverages",TRUE,Размер,250 ml,FANTA_PORTOKAL_250_ML,0,,0,2.60,
fanta-limon-250-ml,Фанта лимон,Богат избор от студени и топли напитки,Делиорман,Безалкохолни и Топли Напитки,"Безалкохолни и Топли Напитки, soft-drinks-beverages",TRUE,Размер,250 ml,FANTA_LIMON_250_ML,0,,0,2.60,
sprayt-250-ml,Спрайт,Богат избор от студени и топли напитки,Делиорман,Безалкохолни и Топли Напитки,"Безалкохолни и Топли Напитки, soft-drinks-beverages",TRUE,Размер,250 ml,SPRAYT_250_ML,0,,0,2.60,
shveps-soda-250-ml,Швепс Сода,Богат избор от студени и топли напитки,Делиорман,Безалкохолни и Топли Напитки,"Безалкохолни и Топли Напитки, soft-drinks-beverages",TRUE,Размер,250 ml,SHVEPS_SODA_250_ML,0,,0,1.80,
shveps-250-ml,Швепс,"мандарина, битер лимон, тоник, розов грейпфрут, розов тоник",Делиорман,Безалкохолни и Топли Напитки,"Безалкохолни и Топли Напитки, soft-drinks-beverages",TRUE,Размер,250 ml,SHVEPS_250_ML,0,,0,2.60,
naturalen-sok-kapi-250-ml,"Натурален сок ""Капи""","праскова, кайсия, зел. ябълка, портокал, вишна, ябълка",Делиорман,Безалкохолни и Топли Напитки,"Безалкохолни и Топли Напитки, soft-drinks-beverages",TRUE,Размер,250 ml,NATURALEN_SOK_KAPI_250_ML,0,,0,2.80,
studen-chay-250-ml,Студен чай,"праскова, лимон, лайм",Делиорман,Безалкохолни и Топли Напитки,"Безалкохолни и Топли Напитки, soft-drinks-beverages",TRUE,Размер,250 ml,STUDEN_CHAY_250_ML,0,,0,2.80,
mineralna-voda-bankya-330-ml,"Минерална вода ""Банкя""",Богат избор от студени и топли напитки,Делиорман,Безалкохолни и Топли Напитки,"Безалкохолни и Топли Напитки, soft-drinks-beverages",TRUE,Размер,330 ml,MINERALNA_VODA_BANKYA_330_ML,0,,0,1.80,
energiyna-napitka-red-bull-250-ml,Енергийна напитка Red Bull,Богат избор от студени и топли напитки,Делиорман,Безалкохолни и Топли Напитки,"Безалкохолни и Топли Напитки, soft-drinks-beverages",TRUE,Размер,250 ml,ENERGIYNA_NAPITKA_RED_BULL_250_ML,0,,0,5.50,
ayran-250-ml,Айран,Богат избор от студени и топли напитки,Делиорман,Безалкохолни и Топли Напитки,"Безалкохолни и Топли Напитки, soft-drinks-beverages",TRUE,Размер,250 ml,AYRAN_250_ML,0,,0,2.00,
kafe-espreso-60-ml,Кафе еспресо,Богат избор от студени и топли напитки,Делиорман,Безалкохолни и Топли Напитки,"Безалкохолни и Топли Напитки, soft-drinks-beverages",TRUE,Размер,60 ml,KAFE_ESPRESO_60_ML,0,,0,1.60,
kafe-lavatsa-kapsula-60-ml,"Кафе ""Лаваца"" капсула",Богат избор от студени и топли напитки,Делиорман,Безалкохолни и Топли Напитки,"Безалкохолни и Топли Напитки, soft-drinks-beverages",TRUE,Размер,60 ml,KAFE_LAVATSA_KAPSULA_60_ML,0,,0,2.20,
nes-kafe-60-ml,Нес кафе,Богат избор от студени и топли напитки,Делиорман,Безалкохолни и Топли Напитки,"Безалкохолни и Топли Напитки, soft-drinks-beverages",TRUE,Размер,60 ml,NES_KAFE_60_ML,0,,0,1.60,
kapuchino-150-ml,Капучино,Богат избор от студени и топли напитки,Делиорман,Безалкохолни и Топли Напитки,"Безалкохолни и Топли Напитки, soft-drinks-beverages",TRUE,Размер,150 ml,KAPUCHINO_150_ML,0,,0,2.20,
mokachino-150-ml,Мокачино,Богат избор от студени и топли напитки,Делиорман,Безалкохолни и Топли Напитки,"Безалкохолни и Топли Напитки, soft-drinks-beverages",TRUE,Размер,150 ml,MOKACHINO_150_ML,0,,0,2.20,
goresht-shokolad-150-ml,Горещ шоколад,Богат избор от студени и топли напитки,Делиорман,Безалкохолни и Топли Напитки,"Безалкохолни и Топли Напитки, soft-drinks-beverages",TRUE,Размер,150 ml,GORESHT_SHOKOLAD_150_ML,0,,0,2.20,
pryasno-mlyako-150-ml,Прясно мляко,Богат избор от студени и топли напитки,Делиорман,Безалкохолни и Топли Напитки,"Безалкохолни и Топли Напитки, soft-drinks-beverages",TRUE,Размер,150 ml,PRYASNO_MLYAKO_150_ML,0,,0,1.60,
chay-bilkov-150-ml,Чай билков,"мента, лайка, букет, черен, зелен",Делиорман,Безалкохолни и Топли Напитки,"Безалкохолни и Топли Напитки, soft-drinks-beverages",TRUE,Размер,150 ml,CHAY_BILKOV_150_ML,0,,0,1.40,
plodov-chay-150-ml,Плодов чай,"лимон, малина, горски плод",Делиорман,Безалкохолни и Топли Напитки,"Безалкохолни и Топли Напитки, soft-drinks-beverages",TRUE,Размер,150 ml,PLODOV_CHAY_150_ML,0,,0,1.40,
med-15-ml,Мед,Богат избор от студени и топли напитки,Делиорман,Безалкохолни и Топли Напитки,"Безалкохолни и Топли Напитки, soft-drinks-beverages",TRUE,Размер,15 ml,MED_15_ML,0,,0,0.60,
kanichka-mlyako-50-ml,Каничка мляко,Богат избор от студени и топли напитки,Делиорман,Безалкохолни и Топли Напитки,"Безалкохолни и Топли Напитки, soft-drinks-beverages",TRUE,Размер,50 ml,KANICHKA_MLYAKO_50_ML,0,,0,0.60,
smetana-10-ml,Сметана,"суха, кондензирана, спрей",Делиорман,Безалкохолни и Топли Напитки,"Безалкохолни и Топли Напитки, soft-drinks-beverages",TRUE,Размер,10 ml,SMETANA_10_ML,0,,0,0.60,
salata-deliorman-500-g,Салата Делиорман,"домати, краставици, кашкавал, сирене, шунка, снежанка, печена чушка, маслини",Делиорман,Салати,"Салати, salads",TRUE,Размер,500 g,SALATA_DELIORMAN_500_G,0,,0,9.90,
shopska-salata-400-g,Шопска Салата,"домати, краставици, пипер, лук, сирене, маслини",Делиорман,Салати,"Салати, salads",TRUE,Размер,400 g,SHOPSKA_SALATA_400_G,0,,0,7.50,
ovcharska-salata-550-g,Овчарска Салата,"домати, краставици, пипер, лук, гъби, шунка, кашкавал, сирене, яйце, маслини",Делиорман,Салати,"Салати, salads",TRUE,Размер,550 g,OVCHARSKA_SALATA_550_G,0,,0,8.50,
gratska-salata-450-g,Гръцка Салата,"домати, краставици, печен пипер, сирене, маслини, лук, мляко, риган, зехтин",Делиорман,Салати,"Салати, salads",TRUE,Размер,450 g,GRATSKA_SALATA_450_G,0,,0,7.50,
salata-tsezar-450-g,"Салата ""Цезар""","айсберг, пилешко филе, крутони, дресинг, пармезан, сос",Делиорман,Салати,"Салати, salads",TRUE,Размер,450 g,SALATA_TSEZAR_450_G,0,,0,9.90,
zelena-salata-s-riba-ton-300-g,Зелена салата с риба тон,"маруля, краставици, маслини, риба тон, дресинг",Делиорман,Салати,"Салати, salads",TRUE,Размер,300 g,ZELENA_SALATA_S_RIBA_TON_300_G,0,,0,9.90,
redena-salata-350-g,Редена салата,"домати, краставици, печ. чушки, сирене, маслини, лук",Делиорман,Салати,"Салати, salads",TRUE,Размер,350 g,REDENA_SALATA_350_G,0,,0,7.50,
zele-s-mayoneza-300-g,Зеле с майонеза,"зеле, майонеза, маслини",Делиорман,Салати,"Салати, salads",TRUE,Размер,300 g,ZELE_S_MAYONEZA_300_G,0,,0,5.90,
zelena-salata-350-g,Зелена салата,"маруля, краставици, репички, маслини, яйце",Делиорман,Салати,"Салати, salads",TRUE,Размер,350 g,ZELENA_SALATA_350_G,0,,0,6.50,
snezhanka-300-g,Снежанка,"кис. краставици, копър, чесън, кис. мляко, маслини",Делиорман,Салати,"Салати, salads",TRUE,Размер,300 g,SNEZHANKA_300_G,0,,0,6.50,
zele-s-morkovi-300-g,Зеле с моркови,"зеле, моркови",Делиорман,Салати,"Салати, salads",TRUE,Размер,300 g,ZELE_S_MORKOVI_300_G,0,,0,5.50,
morkovi-s-mayoneza-300-g,Моркови с майонеза,"моркови, майонеза, маслини",Делиорман,Салати,"Салати, salads",TRUE,Размер,300 g,MORKOVI_S_MAYONEZA_300_G,0,,0,5.90,
lucheni-kragcheta-300-g,Лучени кръгчета,Започнете храненето си с нашите вкусни топли предястия,Делиорман,Аламинути,"Аламинути, hot-appetizers",TRUE,Размер,300 g,LUCHENI_KRAGCHETA_300_G,0,,0,6.90,
kashkaval-pane-200-g,Кашкавал пане,Започнете храненето си с нашите вкусни топли предястия,Делиорман,Аламинути,"Аламинути, hot-appetizers",TRUE,Размер,200 g,KASHKAVAL_PANE_200_G,0,,0,6.90,
pileshki-drobcheta-350-g,Пилешки дробчета,"лук, моркови, пипер",Делиорман,Аламинути,"Аламинути, hot-appetizers",TRUE,Размер,350 g,PILESHKI_DROBCHETA_350_G,0,,0,6.90,
pileshki-sartsa-na-tigan-300-g,Пилешки сърца на тиган,"лук, моркови",Делиорман,Аламинути,"Аламинути, hot-appetizers",TRUE,Размер,300 g,PILESHKI_SARTSA_NA_TIGAN_300_G,0,,0,7.90,
pileshki-vodenichki-na-tigan-300-g,Пилешки воденички на тиган,"лук, моркови",Делиорман,Аламинути,"Аламинути, hot-appetizers",TRUE,Размер,300 g,PILESHKI_VODENICHKI_NA_TIGAN_300_G,0,,0,7.90,
pileshki-filentsa-s-kornfleyks-400-g,Пилешки филенца с корнфлейкс,Започнете храненето си с нашите вкусни топли предястия,Делиорман,Аламинути,"Аламинути, hot-appetizers",TRUE,Размер,400 g,PILESHKI_FILENTSA_S_KORNFLEYKS_400_G,0,,0,9.90,
parzheni-kartofi-200-g,Пържени картофи,Започнете храненето си с нашите вкусни топли предястия,Делиорман,Аламинути,"Аламинути, hot-appetizers",TRUE,Размер,200 g,PARZHENI_KARTOFI_200_G,0,,0,5.50,
parzheni-kartofi-sas-sirene-250-g,Пържени картофи със сирене,Започнете храненето си с нашите вкусни топли предястия,Делиорман,Аламинути,"Аламинути, hot-appetizers",TRUE,Размер,250 g,PARZHENI_KARTOFI_SAS_SIRENE_250_G,0,,0,6.50,
pileshki-kriltsa-200-g,Пилешки крилца,Започнете храненето си с нашите вкусни топли предястия,Делиорман,Аламинути,"Аламинути, hot-appetizers",TRUE,Размер,200 g,PILESHKI_KRILTSA_200_G,0,,0,8.90,
parzheni-kartofi-po-selski-200-g,Пържени картофи по селски,Започнете храненето си с нашите вкусни топли предястия,Делиорман,Аламинути,"Аламинути, hot-appetizers",TRUE,Размер,200 g,PARZHENI_KARTOFI_PO_SELSKI_200_G,0,,0,6.90,
omlet-s-shunka-i-garnitura-250-g,Омлет с шунка и гарнитура,Започнете храненето си с нашите вкусни топли предястия,Делиорман,Аламинути,"Аламинути, hot-appetizers",TRUE,Размер,250 g,OMLET_S_SHUNKA_I_GARNITURA_250_G,0,,0,6.90,
portsiya-dyuner-500-g,Порция дюнер,Започнете храненето си с нашите вкусни топли предястия,Делиорман,Аламинути,"Аламинути, hot-appetizers",TRUE,Размер,500 g,PORTSIYA_DYUNER_500_G,0,,0,9.90,
svinski-rebra-pecheni-250-g,Свински ребра печени,Започнете храненето си с нашите вкусни топли предястия,Делиорман,Аламинути,"Аламинути, hot-appetizers",TRUE,Размер,250 g,SVINSKI_REBRA_PECHENI_250_G,0,,0,12.90,
topeni-sirentsa-200-g,Топени сиренца,Започнете храненето си с нашите вкусни топли предястия,Делиорман,Аламинути,"Аламинути, hot-appetizers",TRUE,Размер,200 g,TOPENI_SIRENTSA_200_G,0,,0,6.90,
beybi-motsarela-350-g,Бейби моцарела,Започнете храненето си с нашите вкусни топли предястия,Делиорман,Аламинути,"Аламинути, hot-appetizers",TRUE,Размер,350 g,BEYBI_MOTSARELA_350_G,0,,0,9.90,
pileshka-supa-300-ml,Пилешка супа,От традиционни супи до прясна риба и сандвичи,Делиорман,"Супи, Риба и Сандвичи","Супи, Риба и Сандвичи, soups-fish-sandwiches",TRUE,Размер,300 ml,PILESHKA_SUPA_300_ML,0,,0,3.50,
shkembe-chorba-300-ml,Шкембе чорба,От традиционни супи до прясна риба и сандвичи,Делиорман,"Супи, Риба и Сандвичи","Супи, Риба и Сандвичи, soups-fish-sandwiches",TRUE,Размер,300 ml,SHKEMBE_CHORBA_300_ML,0,,0,3.50,
supa-topcheta-300-ml,Супа топчета,От традиционни супи до прясна риба и сандвичи,Делиорман,"Супи, Риба и Сандвичи","Супи, Риба и Сандвичи, soups-fish-sandwiches",TRUE,Размер,300 ml,SUPA_TOPCHETA_300_ML,0,,0,3.50,
tarator-300-ml,Таратор,От традиционни супи до прясна риба и сандвичи,Делиорман,"Супи, Риба и Сандвичи","Супи, Риба и Сандвичи, soups-fish-sandwiches",TRUE,Размер,300 ml,TARATOR_300_ML,0,,0,2.50,
tsatsa-200-g,Цаца,От традиционни супи до прясна риба и сандвичи,Делиорман,"Супи, Риба и Сандвичи","Супи, Риба и Сандвичи, soups-fish-sandwiches",TRUE,Размер,200 g,TSATSA_200_G,0,,0,5.50,
skumriya-250-g,Скумрия,От традиционни супи до прясна риба и сандвичи,Делиорман,"Супи, Риба и Сандвичи","Супи, Риба и Сандвичи, soups-fish-sandwiches",TRUE,Размер,250 g,SKUMRIYA_250_G,0,,0,8.90,
sharan-na-tigan-750-g,Шаран на тиган,От традиционни супи до прясна риба и сандвичи,Делиорман,"Супи, Риба и Сандвичи","Супи, Риба и Сандвичи, soups-fish-sandwiches",TRUE,Размер,750 g,SHARAN_NA_TIGAN_750_G,0,,0,35.00,
sandvich-kayma,Сандвич кайма,От традиционни супи до прясна риба и сандвичи,Делиорман,"Супи, Риба и Сандвичи","Супи, Риба и Сандвичи, soups-fish-sandwiches",TRUE,Title,Default Title,SANDVICH_KAYMA,0,,0,2.90,
sandvich-kashkaval-i-shunka,Сандвич кашкавал и шунка,От традиционни супи до прясна риба и сандвичи,Делиорман,"Супи, Риба и Сандвичи","Супи, Риба и Сандвичи, soups-fish-sandwiches",TRUE,Title,Default Title,SANDVICH_KASHKAVAL_I_SHUNKA,0,,0,2.90,
sandvich-kashkaval,Сандвич кашкавал,От традиционни супи до прясна риба и сандвичи,Делиорман,"Супи, Риба и Сандвичи","Супи, Риба и Сандвичи, soups-fish-sandwiches",TRUE,Title,Default Title,SANDVICH_KASHKAVAL,0,,0,2.90,
sandvich-sirene-yaytsa-i-kashkaval,"Сандвич сирене, яйца и кашкавал",От традиционни супи до прясна риба и сандвичи,Делиорман,"Супи, Риба и Сандвичи","Супи, Риба и Сандвичи, soups-fish-sandwiches",TRUE,Title,Default Title,SANDVICH_SIRENE_YAYTSA_I_KASHKAVAL,0,,0,2.90,
filiya-hlyab,Филия хляб,От традиционни супи до прясна риба и сандвичи,Делиорман,"Супи, Риба и Сандвичи","Супи, Риба и Сандвичи, soups-fish-sandwiches",TRUE,Title,Default Title,FILIYA_HLYAB,0,,0,0.25,
filiya-hlyab-prepechena,Филия хляб-препечена,От традиционни супи до прясна риба и сандвичи,Делиорман,"Супи, Риба и Сандвичи","Супи, Риба и Сандвичи, soups-fish-sandwiches",TRUE,Title,Default Title,FILIYA_HLYAB_PREPECHENA,0,,0,0.35,
gratska-pitka-100-g,Гръцка питка,От традиционни супи до прясна риба и сандвичи,Делиорман,"Супи, Риба и Сандвичи","Супи, Риба и Сандвичи, soups-fish-sandwiches",TRUE,Размер,100 g,GRATSKA_PITKA_100_G,0,,0,1.00,
gratska-chesnova-pitka-100-g,Гръцка чеснова питка,От традиционни супи до прясна риба и сандвичи,Делиорман,"Супи, Риба и Сандвичи","Супи, Риба и Сандвичи, soups-fish-sandwiches",TRUE,Размер,100 g,GRATSKA_CHESNOVA_PITKA_100_G,0,,0,1.00,
pitsa-deliorman-400-g,Пица Делиорман,"доматен сос, шунка, мар. гъби, кашкавал, луканка, сирене, кис. краставички, чес. паста, босилек",Делиорман,Пици,"Пици, pizzas",TRUE,Размер,400 g,PITSA_DELIORMAN_400_G,0,,0,8.90,
pitsa-bondzhorno-400-g,Пица Бонджорно,"доматен сос, сирене, кашкавал",Делиорман,Пици,"Пици, pizzas",TRUE,Размер,400 g,PITSA_BONDZHORNO_400_G,0,,0,7.90,
pitsa-margarita-400-g,Пица Маргарита,"доматен сос, кашкавал, босилек",Делиорман,Пици,"Пици, pizzas",TRUE,Размер,400 g,PITSA_MARGARITA_400_G,0,,0,7.90,
pitsa-kompira-400-g,Пица Компира,"доматен сос, шунка, пресни гъби, кашкавал",Делиорман,Пици,"Пици, pizzas",TRUE,Размер,400 g,PITSA_KOMPIRA_400_G,0,,0,7.90,
pitsa-karleona-400-g,Пица Карлеона,"доматен сос, шунка, луканка, кис. краставици, кашкавал",Делиорман,Пици,"Пици, pizzas",TRUE,Размер,400 g,PITSA_KARLEONA_400_G,0,,0,8.90,
pitsa-antigua-400-g,Пица Антигуа,"доматен сос, шунка, кашкавал",Делиорман,Пици,"Пици, pizzas",TRUE,Размер,400 g,PITSA_ANTIGUA_400_G,0,,0,8.50,
pitsa-neapolitana-400-g,Пица Неаполитана,"доматен сос, пилешко филе, пресни гъби, маслини, царевица, кашкавал",Делиорман,Пици,"Пици, pizzas",TRUE,Размер,400 g,PITSA_NEAPOLITANA_400_G,0,,0,8.50,
kyufte-80-g,Кюфте,"Първокласни селекции на скара, приготвени до съвършенство",Делиорман,Скара и Специалитети,"Скара и Специалитети, grill-and-specialties",TRUE,Размер,80 g,KYUFTE_80_G,0,,0,2.00,
kebapche-80-g,Кебапче,"Първокласни селекции на скара, приготвени до съвършенство",Делиорман,Скара и Специалитети,"Скара и Специалитети, grill-and-specialties",TRUE,Размер,80 g,KEBAPCHE_80_G,0,,0,2.00,
teleshko-kyufte-80-g,Телешко кюфте,"Първокласни селекции на скара, приготвени до съвършенство",Делиорман,Скара и Специалитети,"Скара и Специалитети, grill-and-specialties",TRUE,Размер,80 g,TELESHKO_KYUFTE_80_G,0,,0,2.50,
pileshki-shish-100-g,Пилешки шиш,"Първокласни селекции на скара, приготвени до съвършенство",Делиорман,Скара и Специалитети,"Скара и Специалитети, grill-and-specialties",TRUE,Размер,100 g,PILESHKI_SHISH_100_G,0,,0,3.50,
svinski-shish-100-g,Свински шиш,"Първокласни селекции на скара, приготвени до съвършенство",Делиорман,Скара и Специалитети,"Скара и Специалитети, grill-and-specialties",TRUE,Размер,100 g,SVINSKI_SHISH_100_G,0,,0,3.50,
pileshka-parzhola-but-250-g,Пилешка пържола бут,"Първокласни селекции на скара, приготвени до съвършенство",Делиорман,Скара и Специалитети,"Скара и Специалитети, grill-and-specialties",TRUE,Размер,250 g,PILESHKA_PARZHOLA_BUT_250_G,0,,0,6.00,
svinska-parzhola-250-g,Свинска пържола,"Първокласни селекции на скара, приготвени до съвършенство",Делиорман,Скара и Специалитети,"Скара и Специалитети, grill-and-specialties",TRUE,Размер,250 g,SVINSKA_PARZHOLA_250_G,0,,0,6.90,
adana-kebap-160-g,Адана кебап,"Първокласни селекции на скара, приготвени до съвършенство",Делиорман,Скара и Специалитети,"Скара и Специалитети, grill-and-specialties",TRUE,Размер,160 g,ADANA_KEBAP_160_G,0,,0,5.90,
tatarsko-kyufte-250-g,Татарско кюфте,"Първокласни селекции на скара, приготвени до съвършенство",Делиорман,Скара и Специалитети,"Скара и Специалитети, grill-and-specialties",TRUE,Размер,250 g,TATARSKO_KYUFTE_250_G,0,,0,5.50,
meshena-skara-900-g,Мешена скара,"Първокласни селекции на скара, приготвени до съвършенство",Делиорман,Скара и Специалитети,"Скара и Специалитети, grill-and-specialties",TRUE,Размер,900 g,MESHENA_SKARA_900_G,0,,0,29.50,
teleshki-ezik-200-g,Телешки език,"Първокласни селекции на скара, приготвени до съвършенство",Делиорман,Скара и Специалитети,"Скара и Специалитети, grill-and-specialties",TRUE,Размер,200 g,TELESHKI_EZIK_200_G,0,,0,14.90,
hapki-deliorman-700-g,"Хапки ""Делиорман""","Първокласни селекции на скара, приготвени до съвършенство",Делиорман,Скара и Специалитети,"Скара и Специалитети, grill-and-specialties",TRUE,Размер,700 g,HAPKI_DELIORMAN_700_G,0,,0,22.90,
mecha-lapa-300-g,Меча лапа,"Първокласни селекции на скара, приготвени до съвършенство",Делиорман,Скара и Специалитети,"Скара и Специалитети, grill-and-specialties",TRUE,Размер,300 g,MECHA_LAPA_300_G,0,,0,10.90,
pileshki-sach-sas-zelenchutsi-1000-g,Пилешки сач със зеленчуци,"Разнообразие от сачове, мезета и гарнитури",Делиорман,"Сач, Студени Мезета и Гарнитури","Сач, Студени Мезета и Гарнитури, sach-cold-appetizers-sides",TRUE,Размер,1000 g,PILESHKI_SACH_SAS_ZELENCHUTSI_1000_G,0,,0,26.90,
svinski-sach-sas-zelenchutsi-1000-g,Свински сач със зеленчуци,"Разнообразие от сачове, мезета и гарнитури",Делиорман,"Сач, Студени Мезета и Гарнитури","Сач, Студени Мезета и Гарнитури, sach-cold-appetizers-sides",TRUE,Размер,1000 g,SVINSKI_SACH_SAS_ZELENCHUTSI_1000_G,0,,0,26.90,
agneshki-sach-sas-zelenchutsi-1000-g,Агнешки сач със зеленчуци,"Разнообразие от сачове, мезета и гарнитури",Делиорман,"Сач, Студени Мезета и Гарнитури","Сач, Студени Мезета и Гарнитури, sach-cold-appetizers-sides",TRUE,Размер,1000 g,AGNESHKI_SACH_SAS_ZELENCHUTSI_1000_G,0,,0,38.00,
lukanka-100-g,Луканка,"Разнообразие от сачове, мезета и гарнитури",Делиорман,"Сач, Студени Мезета и Гарнитури","Сач, Студени Мезета и Гарнитури, sach-cold-appetizers-sides",TRUE,Размер,100 g,LUKANKA_100_G,0,,0,6.00,
sudzhuk-100-g,Суджук,"Разнообразие от сачове, мезета и гарнитури",Делиорман,"Сач, Студени Мезета и Гарнитури","Сач, Студени Мезета и Гарнитури, sach-cold-appetizers-sides",TRUE,Размер,100 g,SUDZHUK_100_G,0,,0,6.00,
pastarma-100-g,Пастърма,"Разнообразие от сачове, мезета и гарнитури",Делиорман,"Сач, Студени Мезета и Гарнитури","Сач, Студени Мезета и Гарнитури, sach-cold-appetizers-sides",TRUE,Размер,100 g,PASTARMA_100_G,0,,0,8.00,
sirene-100-g,Сирене,"Разнообразие от сачове, мезета и гарнитури",Делиорман,"Сач, Студени Мезета и Гарнитури","Сач, Студени Мезета и Гарнитури, sach-cold-appetizers-sides",TRUE,Размер,100 g,SIRENE_100_G,0,,0,3.00,
kashkaval-100-g,Кашкавал,"Разнообразие от сачове, мезета и гарнитури",Делиорман,"Сач, Студени Мезета и Гарнитури","Сач, Студени Мезета и Гарнитури, sach-cold-appetizers-sides",TRUE,Размер,100 g,KASHKAVAL_100_G,0,,0,4.00,
topla-garnitura-200-g,Топла гарнитура,"ориз, картофи",Делиорман,"Сач, Студени Мезета и Гарнитури","Сач, Студени Мезета и Гарнитури, sach-cold-appetizers-sides",TRUE,Размер,200 g,TOPLA_GARNITURA_200_G,0,,0,2.50,
studena-garnitura-200-g,Студена гарнитура,"зеле, моркови",Делиорман,"Сач, Студени Мезета и Гарнитури","Сач, Студени Мезета и Гарнитури, sach-cold-appetizers-sides",TRUE,Размер,200 g,STUDENA_GARNITURA_200_G,0,,0,2.50,
studena-garnitura-200-g-2,Студена гарнитура,"домати, краставици",Делиорман,"Сач, Студени Мезета и Гарнитури","Сач, Студени Мезета и Гарнитури, sach-cold-appetizers-sides",TRUE,Размер,200 g,STUDENA_GARNITURA_200_G_2,0,,0,2.50,
shish-deliorman-300-g,"Шиш ""Делиорман""","телешка кайма, арабска питка, лук",Делиорман,Нови Специалитети,"Нови Специалитети, new-specialties",TRUE,Размер,300 g,SHISH_DELIORMAN_300_G,0,,0,12.90,
teleshko-pecheno-300-g,Телешко печено,"телешко месо от рибица, чесън, картофи",Делиорман,Нови Специалитети,"Нови Специалитети, new-specialties",TRUE,Размер,300 g,TELESHKO_PECHENO_300_G,0,,0,19.90,
agneshki-delikates-na-shish-500-g,Агнешки деликатес на шиш,"агнешко месо, зеленчуци",Делиорман,Нови Специалитети,"Нови Специалитети, new-specialties",TRUE,Размер,500 g,AGNESHKI_DELIKATES_NA_SHISH_500_G,0,,0,29.90,
kyunefe,Кюнефе,Насладете се на нашата изкусителна селекция от десерти,Делиорман,Десерти,"Десерти, desserts",TRUE,Title,Default Title,KYUNEFE,0,,0,9.50,
chiyzkeyk-s-chereshi,Чийзкейк с череши,Насладете се на нашата изкусителна селекция от десерти,Делиорман,Десерти,"Десерти, desserts",TRUE,Title,Default Title,CHIYZKEYK_S_CHERESHI,0,,0,5.90,
shokoladov-ganash,Шоколадов Ганаш,Насладете се на нашата изкусителна селекция от десерти,Делиорман,Десерти,"Десерти, desserts",TRUE,Title,Default Title,SHOKOLADOV_GANASH,0,,0,5.90,
torta-rafaelo,"Торта ""Рафаело""",Насладете се на нашата изкусителна селекция от десерти,Делиорман,Десерти,"Десерти, desserts",TRUE,Title,Default Title,TORTA_RAFAELO,0,,0,5.90,
solen-karamel,Солен карамел,Насладете се на нашата изкусителна селекция от десерти,Делиорман,Десерти,"Десерти, desserts",TRUE,Title,Default Title,SOLEN_KARAMEL,0,,0,5.90,
frenska-torta,Френска торта,Насладете се на нашата изкусителна селекция от десерти,Делиорман,Десерти,"Десерти, desserts",TRUE,Title,Default Title,FRENSKA_TORTA,0,,0,5.90,
premium-deserti-v-burkan,Премиум десерти в буркан,"Банофи, Профитерол, Фереро",Делиорман,Десерти,"Десерти, desserts",TRUE,Title,Default Title,PREMIUM_DESERTI_V_BURKAN,0,,0,5.90,
sladoledeni-torti,Сладоледени торти,"Френска ванилия със смокини, Белгийски шоколад с печ. лешници",Делиорман,Десерти,"Десерти, desserts",TRUE,Title,Default Title,SLADOLEDENI_TORTI,0,,0,5.90,
sladoled,Сладолед,Насладете се на нашата изкусителна селекция от десерти,Делиорман,Десерти,"Десерти, desserts",TRUE,Title,Default Title,SLADOLED,0,,0,5.00,
carlsberg-500-ml,Carlsberg,Широка гама от местни и вносни бири,Делиорман,Бира,"Бира, beer",TRUE,Размер,500 ml,CARLSBERG_500_ML,0,,0,3.80,
carlsberg-0-0-330-ml,Carlsberg 0.0%,Широка гама от местни и вносни бири,Делиорман,Бира,"Бира, beer",TRUE,Размер,330 ml,CARLSBERG_0_0_330_ML,0,,0,3.80,
1664-blanc-330-ml,1664 Blanc,Широка гама от местни и вносни бири,Делиорман,Бира,"Бира, beer",TRUE,Размер,330 ml,1664_BLANC_330_ML,0,,0,3.80,
budweiser-500-ml,Budweiser,Широка гама от местни и вносни бири,Делиорман,Бира,"Бира, beer",TRUE,Размер,500 ml,BUDWEISER_500_ML,0,,0,4.00,
tuborg-500-ml,Tuborg,Широка гама от местни и вносни бири,Делиорман,Бира,"Бира, beer",TRUE,Размер,500 ml,TUBORG_500_ML,0,,0,3.00,
shumensko-100-malts-500-ml,Шуменско 100% малц,Широка гама от местни и вносни бири,Делиорман,Бира,"Бира, beer",TRUE,Размер,500 ml,SHUMENSKO_100_MALTS_500_ML,0,,0,3.00,
shumensko-svetlo-500-ml,Шуменско светло,Широка гама от местни и вносни бири,Делиорман,Бира,"Бира, beer",TRUE,Размер,500 ml,SHUMENSKO_SVETLO_500_ML,0,,0,2.60,
shumensko-spetsialno-330-ml,Шуменско Специално,Широка гама от местни и вносни бири,Делиорман,Бира,"Бира, beer",TRUE,Размер,330 ml,SHUMENSKO_SPETSIALNO_330_ML,0,,0,2.20,
pirinsko-500-ml,Пиринско,Широка гама от местни и вносни бири,Делиорман,Бира,"Бира, beer",TRUE,Размер,500 ml,PIRINSKO_500_ML,0,,0,2.60,
mlado-pivo-330-ml,Младо Пиво,Широка гама от местни и вносни бири,Делиорман,Бира,"Бира, beer",TRUE,Размер,330 ml,MLADO_PIVO_330_ML,0,,0,2.20,
somersby-sayder-330-ml,Somersby Сайдер,Широка гама от местни и вносни бири,Делиорман,Бира,"Бира, beer",TRUE,Размер,330 ml,SOMERSBY_SAYDER_330_ML,0,,0,3.00,
somersby-sayder-0-330-ml,Somersby Сайдер 0%,Широка гама от местни и вносни бири,Делиорман,Бира,"Бира, beer",TRUE,Размер,330 ml,SOMERSBY_SAYDER_0_330_ML,0,,0,3.00,
peshterska-grozdova-50-ml,Пещерска Гроздова,Богат избор от български ракии,Делиорман,Ракии,"Ракии, rakia",TRUE,Размер,50 ml,PESHTERSKA_GROZDOVA_50_ML,0,,0,2.00,
peshterska-grozdova-otlezhala-50-ml,Пещерска Гроздова отлежала,Богат избор от български ракии,Делиорман,Ракии,"Ракии, rakia",TRUE,Размер,50 ml,PESHTERSKA_GROZDOVA_OTLEZHALA_50_ML,0,,0,2.20,
kehlibar-grozdova-50-ml,Кехлибар Гроздова,Богат избор от български ракии,Делиорман,Ракии,"Ракии, rakia",TRUE,Размер,50 ml,KEHLIBAR_GROZDOVA_50_ML,0,,0,2.20,
burgaska-muskatova-50-ml,Бургаска Мускатова,Богат избор от български ракии,Делиорман,Ракии,"Ракии, rakia",TRUE,Размер,50 ml,BURGASKA_MUSKATOVA_50_ML,0,,0,2.40,
burgas-63-50-ml,Бургас 63,Богат избор от български ракии,Делиорман,Ракии,"Ракии, rakia",TRUE,Размер,50 ml,BURGAS_63_50_ML,0,,0,3.40,
burgas-63-barel-50-ml,Бургас 63 Барел,Богат избор от български ракии,Делиорман,Ракии,"Ракии, rakia",TRUE,Размер,50 ml,BURGAS_63_BAREL_50_ML,0,,0,3.80,
slivenska-perla-50-ml,Сливенска перла,Богат избор от български ракии,Делиорман,Ракии,"Ракии, rakia",TRUE,Размер,50 ml,SLIVENSKA_PERLA_50_ML,0,,0,3.40,
slivenska-perla-barel-50-ml,"Сливенска перла"" Барел",Богат избор от български ракии,Делиорман,Ракии,"Ракии, rakia",TRUE,Размер,50 ml,SLIVENSKA_PERLA_BAREL_50_ML,0,,0,3.80,
kaylashka-grozdova-50-ml,Кайлъшка Гроздова,Богат избор от български ракии,Делиорман,Ракии,"Ракии, rakia",TRUE,Размер,50 ml,KAYLASHKA_GROZDOVA_50_ML,0,,0,2.20,
yambolska-grozdova-50-ml,Ямболска Гроздова,Богат избор от български ракии,Делиорман,Ракии,"Ракии, rakia",TRUE,Размер,50 ml,YAMBOLSKA_GROZDOVA_50_ML,0,,0,2.00,
troyanska-slivova-50-ml,Троянска Сливова,Богат избор от български ракии,Делиорман,Ракии,"Ракии, rakia",TRUE,Размер,50 ml,TROYANSKA_SLIVOVA_50_ML,0,,0,2.40,
troyanska-slivova-otlezhala-50-ml,Троянска Сливова Отлежала,Богат избор от български ракии,Делиорман,Ракии,"Ракии, rakia",TRUE,Размер,50 ml,TROYANSKA_SLIVOVA_OTLEZHALA_50_ML,0,,0,2.80,
targovishte-muskatova-50-ml,Търговище Мускатова,Богат избор от български ракии,Делиорман,Ракии,"Ракии, rakia",TRUE,Размер,50 ml,TARGOVISHTE_MUSKATOVA_50_ML,0,,0,2.20,
targovishte-muskatova-otlezhala-50-ml,Търговище Мускатова отлежала,Богат избор от български ракии,Делиорман,Ракии,"Ракии, rakia",TRUE,Размер,50 ml,TARGOVISHTE_MUSKATOVA_OTLEZHALA_50_ML,0,,0,2.40,
korten-otlezhala-rezerva-50-ml,Кортен отлежала Резерва,Богат избор от български ракии,Делиорман,Ракии,"Ракии, rakia",TRUE,Размер,50 ml,KORTEN_OTLEZHALA_REZERVA_50_ML,0,,0,4.50,
straldzhanska-muskatova-50-ml,Стралджанска Мускатова,Богат избор от български ракии,Делиорман,Ракии,"Ракии, rakia",TRUE,Размер,50 ml,STRALDZHANSKA_MUSKATOVA_50_ML,0,,0,3.40,
straldzhanska-muskatova-barel-50-ml,Стралджанска мускатова Барел,Богат избор от български ракии,Делиорман,Ракии,"Ракии, rakia",TRUE,Размер,50 ml,STRALDZHANSKA_MUSKATOVA_BAREL_50_ML,0,,0,3.80,
isperih-kaysieva-50-ml,Исперих кайсиева,Богат избор от български ракии,Делиорман,Ракии,"Ракии, rakia",TRUE,Размер,50 ml,ISPERIH_KAYSIEVA_50_ML,0,,0,,
targovishte-muskat-sovinon-blan-750-ml,Търговище Мускат/ Совиньон Блан,Бяло вино,Делиорман,Бели и Червени Вина,"Бели и Червени Вина, wines",TRUE,Размер,750 ml,TARGOVISHTE_MUSKAT_SOVINON_BLAN_750_ML,0,,0,13.90,
kvantum-shardone-sovinon-blan-750-ml,Квантум Шардоне / Совиньон Блан,Бяло вино,Делиорман,Бели и Червени Вина,"Бели и Червени Вина, wines",TRUE,Размер,750 ml,KVANTUM_SHARDONE_SOVINON_BLAN_750_ML,0,,0,19.90,
cherga-750-ml,Черга,Бяло вино,Делиорман,Бели и Червени Вина,"Бели и Червени Вина, wines",TRUE,Размер,750 ml,CHERGA_750_ML,0,,0,21.90,
pearl-white-sovinon-blan-semiyon-750-ml,Pearl White Совиньон Блан & Семийон,Бяло вино,Делиорман,Бели и Червени Вина,"Бели и Червени Вина, wines",TRUE,Размер,750 ml,PEARL_WHITE_SOVINON_BLAN_SEMIYON_750_ML,0,,0,24.90,
korten-shardone-750-ml,Кортен Шардоне,Бяло вино,Делиорман,Бели и Червени Вина,"Бели и Червени Вина, wines",TRUE,Размер,750 ml,KORTEN_SHARDONE_750_ML,0,,0,34.90,
nalivna-kana-500-ml,Наливна кана,Бяло вино,Делиорман,Бели и Червени Вина,"Бели и Червени Вина, wines",TRUE,Размер,500 ml,NALIVNA_KANA_500_ML,0,,0,7.90,
nalivna-chasha-150-ml,Наливна чаша,Бяло вино,Делиорман,Бели и Червени Вина,"Бели и Червени Вина, wines",TRUE,Размер,150 ml,NALIVNA_CHASHA_150_ML,0,,0,2.50,
targovishte-kaberne-750-ml,Търговище Каберне,Червено вино,Делиорман,Бели и Червени Вина,"Бели и Червени Вина, wines",TRUE,Размер,750 ml,TARGOVISHTE_KABERNE_750_ML,0,,0,13.90,
kvantum-kaberne-merlo-750-ml,Квантум Каберне / Мерло,Червено вино,Делиорман,Бели и Червени Вина,"Бели и Червени Вина, wines",TRUE,Размер,750 ml,KVANTUM_KABERNE_MERLO_750_ML,0,,0,19.90,
cherga-750-ml-2,Черга,Червено вино,Делиорман,Бели и Червени Вина,"Бели и Червени Вина, wines",TRUE,Размер,750 ml,CHERGA_750_ML_2,0,,0,21.90,
deep-red-750-ml,Deep Red,Червено вино,Делиорман,Бели и Червени Вина,"Бели и Червени Вина, wines",TRUE,Размер,750 ml,DEEP_RED_750_ML,0,,0,24.90,
korten-merlo-kaberne-750-ml,Кортен Мерло / Каберне,Червено вино,Делиорман,Бели и Червени Вина,"Бели и Червени Вина, wines",TRUE,Размер,750 ml,KORTEN_MERLO_KABERNE_750_ML,0,,0,34.90,
nalivna-kana-500-ml-2,Наливна кана,Червено вино,Делиорман,Бели и Червени Вина,"Бели и Червени Вина, wines",TRUE,Размер,500 ml,NALIVNA_KANA_500_ML_2,0,,0,7.90,
nalivna-chasha-150-ml-2,Наливна чаша,Червено вино,Делиорман,Бели и Червени Вина,"Бели и Червени Вина, wines",TRUE,Размер,150 ml,NALIVNA_CHASHA_150_ML_2,0,,0,2.50,
targovishte-roze-750-ml,Търговище Розе,Розе,Делиорман,Бели и Червени Вина,"Бели и Червени Вина, wines",TRUE,Размер,750 ml,TARGOVISHTE_ROZE_750_ML,0,,0,13.90,
kvantum-roze-750-ml,Квантум Розе,Розе,Делиорман,Бели и Червени Вина,"Бели и Червени Вина, wines",TRUE,Размер,750 ml,KVANTUM_ROZE_750_ML,0,,0,19.90,
cherga-roze-750-ml,Черга Розе,Розе,Делиорман,Бели и Червени Вина,"Бели и Червени Вина, wines",TRUE,Размер,750 ml,CHERGA_ROZE_750_ML,0,,0,21.90,
pure-pink-roze-sira-murvedar-750-ml,PURE PINK Розе Сира & Мурведър,Розе,Делиорман,Бели и Червени Вина,"Бели и Червени Вина, wines",TRUE,Размер,750 ml,PURE_PINK_ROZE_SIRA_MURVEDAR_750_ML,0,,0,24.90,
korten-roze-sira-750-ml,Кортен Розе Сира,Розе,Делиорман,Бели и Червени Вина,"Бели и Червени Вина, wines",TRUE,Размер,750 ml,KORTEN_ROZE_SIRA_750_ML,0,,0,34.90,
nalivna-kana-roze-500-ml,Наливна кана розе,Розе,Делиорман,Бели и Червени Вина,"Бели и Червени Вина, wines",TRUE,Размер,500 ml,NALIVNA_KANA_ROZE_500_ML,0,,0,7.90,
nalivna-chasha-roze-150-ml,Наливна чаша розе,Розе,Делиорман,Бели и Червени Вина,"Бели и Червени Вина, wines",TRUE,Размер,150 ml,NALIVNA_CHASHA_ROZE_150_ML,0,,0,2.50,
vodka-savoy-silvar-savoy-50-ml,"Водка ""Савой"" Силвър / Савой","Селекция от водка, джин, ром, мастика и други",Делиорман,Водка и Други Напитки,"Водка и Други Напитки, vodka-other-spirits",TRUE,Размер,50 ml,VODKA_SAVOY_SILVAR_SAVOY_50_ML,0,,0,1.60,
vodka-flirt-50-ml,"Водка ""Флирт""","Селекция от водка, джин, ром, мастика и други",Делиорман,Водка и Други Напитки,"Водка и Други Напитки, vodka-other-spirits",TRUE,Размер,50 ml,VODKA_FLIRT_50_ML,0,,0,1.60,
vodka-alyaska-50-ml,"Водка ""Аляска""","Селекция от водка, джин, ром, мастика и други",Делиорман,Водка и Други Напитки,"Водка и Други Напитки, vodka-other-spirits",TRUE,Размер,50 ml,VODKA_ALYASKA_50_ML,0,,0,1.60,
vodka-smirnof-50-ml,"Водка ""Смирноф""","Селекция от водка, джин, ром, мастика и други",Делиорман,Водка и Други Напитки,"Водка и Други Напитки, vodka-other-spirits",TRUE,Размер,50 ml,VODKA_SMIRNOF_50_ML,0,,0,2.80,
vodka-absolyut-50-ml,"Водка ""Абсолют""","Селекция от водка, джин, ром, мастика и други",Делиорман,Водка и Други Напитки,"Водка и Други Напитки, vodka-other-spirits",TRUE,Размер,50 ml,VODKA_ABSOLYUT_50_ML,0,,0,2.80,
vodka-ruski-standart-50-ml,"Водка ""Руски стандарт""","Селекция от водка, джин, ром, мастика и други",Делиорман,Водка и Други Напитки,"Водка и Други Напитки, vodka-other-spirits",TRUE,Размер,50 ml,VODKA_RUSKI_STANDART_50_ML,0,,0,3.00,
vodka-finlandiya-50-ml,"Водка ""Финландия""","Селекция от водка, джин, ром, мастика и други",Делиорман,Водка и Други Напитки,"Водка и Други Напитки, vodka-other-spirits",TRUE,Размер,50 ml,VODKA_FINLANDIYA_50_ML,0,,0,3.00,
vodka-pravda-50-ml,"Водка ""Правда""","Селекция от водка, джин, ром, мастика и други",Делиорман,Водка и Други Напитки,"Водка и Други Напитки, vodka-other-spirits",TRUE,Размер,50 ml,VODKA_PRAVDA_50_ML,0,,0,3.80,
vodka-beluga-50-ml,"Водка ""Белуга""","Селекция от водка, джин, ром, мастика и други",Делиорман,Водка и Други Напитки,"Водка и Други Напитки, vodka-other-spirits",TRUE,Размер,50 ml,VODKA_BELUGA_50_ML,0,,0,6.50,
vodka-siva-gaska-50-ml,"Водка ""Сива Гъска""","Селекция от водка, джин, ром, мастика и други",Делиорман,Водка и Други Напитки,"Водка и Други Напитки, vodka-other-spirits",TRUE,Размер,50 ml,VODKA_SIVA_GASKA_50_ML,0,,0,6.50,
uzo-plumari-50-ml,"Узо ""Плумари""","Селекция от водка, джин, ром, мастика и други",Делиорман,Водка и Други Напитки,"Водка и Други Напитки, vodka-other-spirits",TRUE,Размер,50 ml,UZO_PLUMARI_50_ML,0,,0,2.00,
rom-savoy-50-ml,"Ром ""Савой""","Селекция от водка, джин, ром, мастика и други",Делиорман,Водка и Други Напитки,"Водка и Други Напитки, vodka-other-spirits",TRUE,Размер,50 ml,ROM_SAVOY_50_ML,0,,0,1.50,
rom-savoy-byal-50-ml,"Ром ""Савой Бял""","Селекция от водка, джин, ром, мастика и други",Делиорман,Водка и Други Напитки,"Водка и Други Напитки, vodka-other-spirits",TRUE,Размер,50 ml,ROM_SAVOY_BYAL_50_ML,0,,0,1.50,
mastika-peshtera-50-ml,"Мастика ""Пещера""","Селекция от водка, джин, ром, мастика и други",Делиорман,Водка и Други Напитки,"Водка и Други Напитки, vodka-other-spirits",TRUE,Размер,50 ml,MASTIKA_PESHTERA_50_ML,0,,0,1.50,
dzhin-savoy-50-ml,"Джин ""Савой""","Селекция от водка, джин, ром, мастика и други",Делиорман,Водка и Други Напитки,"Водка и Други Напитки, vodka-other-spirits",TRUE,Размер,50 ml,DZHIN_SAVOY_50_ML,0,,0,1.50,
konyak-metaksa-50-ml,"Коняк ""Метакса""","Селекция от водка, джин, ром, мастика и други",Делиорман,Водка и Други Напитки,"Водка и Други Напитки, vodka-other-spirits",TRUE,Размер,50 ml,KONYAK_METAKSA_50_ML,0,,0,2.80,
menta-peshtera-50-ml,"Мента ""Пещера""","Селекция от водка, джин, ром, мастика и други",Делиорман,Водка и Други Напитки,"Водка и Други Напитки, vodka-other-spirits",TRUE,Размер,50 ml,MENTA_PESHTERA_50_ML,0,,0,2.00,
shampansko-osterayh-gold-750-ml,"Шампанско ""Остерайх Голд""","Селекция от водка, джин, ром, мастика и други",Делиорман,Водка и Други Напитки,"Водка и Други Напитки, vodka-other-spirits",TRUE,Размер,750 ml,SHAMPANSKO_OSTERAYH_GOLD_750_ML,0,,0,39.00,
pasport-50-ml,Паспорт,Отбрани уискита и свежи ядки,Делиорман,Уиски и Ядки,"Уиски и Ядки, whiskey-and-nuts",TRUE,Размер,50 ml,PASPORT_50_ML,0,,0,2.50,
balantayns-50-ml,Балантайнс,Отбрани уискита и свежи ядки,Делиорман,Уиски и Ядки,"Уиски и Ядки, whiskey-and-nuts",TRUE,Размер,50 ml,BALANTAYNS_50_ML,0,,0,2.90,
dzhi-bi-50-ml,Джи Би,Отбрани уискита и свежи ядки,Делиорман,Уиски и Ядки,"Уиски и Ядки, whiskey-and-nuts",TRUE,Размер,50 ml,DZHI_BI_50_ML,0,,0,2.90,
dzhoni-uokar-cherven-50-ml,"Джони Уокър"" Червен",Отбрани уискита и свежи ядки,Делиорман,Уиски и Ядки,"Уиски и Ядки, whiskey-and-nuts",TRUE,Размер,50 ml,DZHONI_UOKAR_CHERVEN_50_ML,0,,0,2.90,
dzhim-biym-50-ml,Джим Бийм,Отбрани уискита и свежи ядки,Делиорман,Уиски и Ядки,"Уиски и Ядки, whiskey-and-nuts",TRUE,Размер,50 ml,DZHIM_BIYM_50_ML,0,,0,2.90,
tyulamor-dyu-50-ml,Тюламор Дю,Отбрани уискита и свежи ядки,Делиорман,Уиски и Ядки,"Уиски и Ядки, whiskey-and-nuts",TRUE,Размер,50 ml,TYULAMOR_DYU_50_ML,0,,0,3.50,
dzhak-daniels-50-ml,Джак Даниелс,Отбрани уискита и свежи ядки,Делиорман,Уиски и Ядки,"Уиски и Ядки, whiskey-and-nuts",TRUE,Размер,50 ml,DZHAK_DANIELS_50_ML,0,,0,4.00,
dzhoni-uokar-cheren-50-ml,"Джони Уокър"" Черен",Отбрани уискита и свежи ядки,Делиорман,Уиски и Ядки,"Уиски и Ядки, whiskey-and-nuts",TRUE,Размер,50 ml,DZHONI_UOKAR_CHEREN_50_ML,0,,0,4.90,
chivas-regal-50-ml,Чивас Регал,Отбрани уискита и свежи ядки,Делиорман,Уиски и Ядки,"Уиски и Ядки, whiskey-and-nuts",TRUE,Размер,50 ml,CHIVAS_REGAL_50_ML,0,,0,4.90,
bushmils-blek-bush-50-ml,Бушмилс Блек Буш,Отбрани уискита и свежи ядки,Делиорман,Уиски и Ядки,"Уиски и Ядки, whiskey-and-nuts",TRUE,Размер,50 ml,BUSHMILS_BLEK_BUSH_50_ML,0,,0,4.90,
leshnitsi-100-gr,Лешници,Отбрани уискита и свежи ядки,Делиорман,Уиски и Ядки,"Уиски и Ядки, whiskey-and-nuts",TRUE,Размер,100 gr,LESHNITSI_100_GR,0,,0,6.00,
bademi-100-gr,Бадеми,Отбрани уискита и свежи ядки,Делиорман,Уиски и Ядки,"Уиски и Ядки, whiskey-and-nuts",TRUE,Размер,100 gr,BADEMI_100_GR,0,,0,6.00,
indiysko-kashu-100-gr,Индийско кашу,Отбрани уискита и свежи ядки,Делиорман,Уиски и Ядки,"Уиски и Ядки, whiskey-and-nuts",TRUE,Размер,100 gr,INDIYSKO_KASHU_100_GR,0,,0,6.00,
fastatsi-100-gr,Фъстъци,Отбрани уискита и свежи ядки,Делиорман,Уиски и Ядки,"Уиски и Ядки, whiskey-and-nuts",TRUE,Размер,100 gr,FASTATSI_100_GR,0,,0,3.00,
